Stations_Name,Latitude,Longitude,WPD at 10m,WPD  at  20m,WPD  at 30m,WPD  at  40m,WPD  at  50m,WPD  at 60m,WPD  at 70m,WPD at 80m,WPD  at 90m,WPD  at 100m
ASTOR                ,35.357,74.8624,45.62883859,75.71610829,101.8239931,125.6426688,147.892065,168.9658717,189.1097649,208.4903804,227.2274704,245.4108401
BADIN                ,24.6459,68.8467,247.9293103,371.0552546,469.7554064,555.3276527,632.2988011,703.0439914,768.999038,831.1128816,890.0526588,946.3092212
BAHAWALNAGAR         ,29.9994,73.255,29.19920514,49.79036143,68.03376782,84.90231428,100.8170931,116.0108939,130.6302054,144.7750682,158.5177932,171.9128819
BAHAWALPUR           ,29.3544,71.6911,4.811927738,9.15919125,13.34677665,17.43392439,21.44797545,25.40472064,29.31443736,33.18434033,37.01976769,40.82482525
BALAKOT              ,34.5482,73.3532,1.652843666,3.357977024,5.083420695,6.82218768,8.570929456,10.3276615,12.09106622,13.86020345,15.63436791,17.41301055
BARKHAN              ,29.8995,69.5246,44.7337121,74.32050538,100.017849,123.4759483,145.3982078,166.1694668,186.0299673,205.1427089,223.6248604,241.5643098
BUNJI                ,35.6431,74.6342,7.384519313,13.69350539,19.6515648,25.39259252,30.97745352,36.44093775,41.80550779,47.08682961,52.29643026,57.44313324
CHERAT               ,33.8215,71.8883,115.8504313,181.6199722,236.2581849,284.7275916,329.0721661,370.3845078,409.334623,446.3705201,481.8102904,515.8899883
CHHOR                ,25.5114,69.7823,135.9888252,211.1171159,273.0631597,327.7507293,377.6056145,423.9194409,467.4818817,508.8196667,548.3060031,586.2173467
CHILAS               ,35.4222,74.0946,13.82238487,24.66995241,34.62073597,44.03050254,53.05740785,61.79048818,70.28656144,78.58487612,86.71407795,94.69593991
CHITRAL              ,35.7699,71.7741,348.6257235,511.0232606,639.1340659,749.0691455,847.2042502,936.8567844,1020.019361,1098.002044,1171.721783,1241.850641
DALBANDIN            ,28.8854,64.3964,43.67543654,72.66833295,97.87799234,120.9074718,142.4406671,162.8519621,182.3751769,201.1690121,219.3475817,236.9965053
DERA ISMAIL KHAN     ,31.8626,70.9019,6.009725944,11.2850717,16.31470064,21.19112327,25.95670074,30.63576747,35.24409586,39.79272064,44.28978285,48.7415286
DIR                  ,35.1977,71.8749,5.502920409,10.38907108,15.06665028,19.6137305,24.0661734,28.44462377,32.76248458,37.02914546,41.25154168,45.4349995
DROSH                ,35.5684,71.8038,78.22918776,125.6135559,165.708351,201.6992108,234.9169784,266.0799097,295.631713,323.8708699,351.0103886,377.2090424
FAISALABAD(LYALLPUR) ,31.4504,73.135,3.504194218,6.800288943,10.02215232,13.19673706,16.33662277,19.44913078,22.53905441,25.60977489,28.66380427,31.70308159
GARHI DUPATTA        ,34.2264,73.6157,2.870220578,5.638210079,8.368882224,11.07559926,13.76464181,16.43968289,19.10313618,21.75670952,24.40167499,27.03901672
GILGIT               ,35.9202,74.308,3.412885145,6.633768195,9.785951522,12.89433385,15.970547,19.02136498,22.05122497,25.06325826,28.05979197,31.04262295
GUPIS                ,36.2274,73.4421,11.51208454,20.77706643,29.3485273,37.49855101,45.34888264,52.96836548,60.40108186,67.6775681,74.82016413,81.84588499
HYDERABAD            ,25.396,68.3578,291.4451528,431.9005903,543.6396997,640.0453675,726.4483752,805.634628,879.2831413,948.5008395,1014.064294,1076.543834
ISLAMABAD            ,33.6844,73.0479,58.90065682,96.22892201,128.2363458,157.2139587,184.1287055,209.5060732,233.672418,256.8482355,279.1914601,300.8201911
JACOBABAD            ,28.2437,68.3816,24.88783022,42.85421037,58.89093198,73.79041604,87.89761064,101.4039539,114.4302739,127.059289,139.3509132,151.3503855
JHELUM               ,32.9425,73.7257,2.534518153,5.016680389,7.479457775,9.929730471,12.37074656,14.80441129,17.23197957,19.65434103,22.07215938,24.48594879
JIWANI               ,25.0538,61.7707,379.2793235,553.1054467,689.6890327,806.5971863,910.7605785,1005.777897,1093.807285,1176.2658,1254.144195,1328.167937
KAKUL                ,34.1875,73.2618,3.056457487,5.981070676,8.85790335,11.70414003,14.52784005,17.33370943,20.12483713,22.90340665,25.67104306,28.42900268
KALAT                ,29.0523,66.5879,28.99165875,49.45796925,67.59678848,84.37222385,100.2016729,115.3159229,129.8602218,143.9337738,157.6082918,170.9378308
KARACHI (AIRPORT)    ,24.9008,67.1681,235.1542198,353.0733198,447.8348376,530.1234622,604.2285439,672.4035527,736.0121068,795.9561638,852.8702651,907.2215591
KARACHI (MASROOR)    ,24.8936,66.9388,1286.485699,1741.398451,2078.819297,2357.172385,2598.499856,2813.908235,3009.906601,3190.689444,3359.143184,3517.352448
KHANPUR (PBO)        ,28.6459,70.656,6.785006695,12.64694599,18.20456148,23.57333604,28.80592296,33.93248027,38.9725107,43.93963354,48.84388088,53.6929392
KHUZDAR              ,27.8165,66.6057,113.4307125,178.0556539,231.7960942,279.4993982,323.1636326,363.8574088,402.2362827,438.7387421,473.6762039,507.2798245
KOHAT                ,33.5889,71.4429,34.34855119,57.9936051,78.78481359,97.91557768,115.8994343,133.0191583,149.4521523,165.3192682,180.7076758,195.6829558
KOTLI                ,33.5008,73.9007,6.020825698,11.30464237,16.34191773,21.22548392,25.99784655,30.68342198,35.29803515,39.85275721,44.35575594,48.81329777
LAHORE(AIRPORT)      ,31.5203,74.4104,66.62968918,108.0406098,143.3447891,175.1887712,204.6845994,232.4347993,258.8127084,284.070088,308.3869792,331.8978252
LAHORE(PBO)          ,31.5216,74.4036,4.876507585,9.274569803,13.50847906,17.63919024,21.69482232,25.69161019,29.64011766,33.54775899,37.42001901,41.26111575
LARKANA              ,27.557,68.2028,17.41112536,30.64062382,42.64703012,53.92229444,64.68331926,75.05153057,85.10408178,94.89408098,104.4601737,113.8316572
LASBELLA             ,25.87,66.7129,39.89647588,66.74824086,90.19491159,111.6722106,131.7946391,150.8993351,169.1972143,186.8316298,203.905781,220.4971773
MIANWALI             ,32.5839,71.537,33.80875467,57.13739956,77.66553419,96.5632263,114.3342583,131.2561407,147.5030253,163.193578,178.4134098,193.2269396
MOEN-JO-DARO         ,27.3287,68.1372,32.06361075,54.36353333,74.03495172,92.17283043,109.2495122,125.5255248,141.164525,156.2781179,170.9468756,185.231462
MULTAN(PBO)          ,30.181459,71.492157,9.643068465,17.59294463,25.00839762,32.09680629,38.9515499,45.62565911,52.15320363,58.55784783,64.85694403,71.06373484
MURREE               ,33.907,73.3943,7.14379373,13.27392201,19.0719601,24.66434673,30.10862509,35.43771287,40.67287695,45.82895689,50.91687637,55.94500014
MUZAFFARABAD         ,34.3551,73.4769,1.418108871,2.908125657,4.426546945,5.963713371,7.514970707,9.077550395,10.64960903,12.2298282,13.8172169,15.41100234
NAWABSHAH            ,26.2447,68.3935,90.93763863,144.6850621,189.8449045,230.1991508,267.3192183,302.0500885,334.9122831,366.2551494,396.3275088,425.3145153
NOKKUNDI             ,28.8259,62.75,470.0871891,676.6141773,837.259972,973.8762414,1095.016795,1205.099778,1306.764077,1401.736714,1491.221792,1576.098871
ORMARA               ,25.2666,64.6096,468.0891664,673.9134142,834.0447249,970.2409764,1091.020588,1200.783886,1302.159325,1396.867212,1486.107035,1570.755024
PADIDAN              ,26.7724,68.2922,11.56220627,20.86199733,29.46392836,37.64185853,45.51830833,53.16255224,60.61894508,67.91820988,75.08282191,82.12989846
PANJGUR              ,26.9706,64.0887,109.4728324,172.2155246,224.4775934,270.9182384,313.4604326,353.1335187,390.5693838,426.1909145,460.2985858,493.1155215
PARACHINAR           ,33.9011,70.086,18.91316749,33.1163875,45.95702053,57.98579861,69.44482489,80.46936089,91.14521807,101.5313896,111.6707573,121.5958
PASNI                ,25.251,63.4154,656.914384,926.4174786,1132.766648,1306.485846,1459.378419,1597.491008,1724.412487,1842.479557,1953.314327,2058.097232
PESHAWAR             ,34.0151,71.5249,20.81913527,36.24081016,50.12091243,63.08601696,75.41062429,87.24773862,98.69425331,109.8166823,120.6633143,131.2706836
QUETTA               ,30.1798,66.975,749.2648524,1048.211166,1275.687103,1466.432923,1633.817861,1784.668614,1923.027017,2051.519378,2171.965734,2285.68859
RAFIQUE(PAF)         ,30.7553,72.2803,53.32378514,87.64789096,117.2163976,144.0661568,169.0599177,192.6676811,215.1818882,236.8004216,257.6652017,277.8824721
RISALPUR             ,34.0751,71.9876,53.14321161,87.36915918,116.8577769,143.6377243,168.5683852,192.1179658,214.5778094,236.1450657,256.9611359,277.1318788
ROHRI                ,27.6687,68.8943,15.93156697,28.18913865,39.35946171,49.87755062,59.93581357,69.64219688,79.06540303,88.25278724,97.23884845,106.0497666
SAIDU SHARIF         ,34.7492,72.3563,0.973620129,2.042937886,3.151624583,4.286677196,5.441747243,6.61302398,7.797952254,8.994694116,10.20186129,11.41836664
SARGODHA             ,32.074,72.6861,31.97673212,54.22520501,73.85371889,91.95351317,108.9953694,125.2389716,140.8474546,155.9320722,170.5731459,184.8311525
SHARA-E-FAISAL       ,24.861027,67.069544,706.8416806,992.3836499,1210.258615,1393.275659,1554.087807,1699.165307,1832.343164,1956.115524,2072.212144,2181.890758
SIALKOT              ,32.4945,74.5229,1.488455737,3.043385556,4.6244346,6.222687996,7.833857534,9.455395361,11.08560655,12.72327977,14.36750509,16.0175733
SIBBI                ,29.5532,67.8808,15.74640623,27.88139169,38.94600773,49.36821719,59.33738826,68.95979189,78.30307909,87.41388865,96.32620271,105.0658125
SKARDU(PBO)          ,35.3275,75.5489,9.476536565,17.30750267,24.61793866,31.60961249,38.37343321,44.96105049,51.40565756,57.7303162,63.95194062,70.08344167
TURBAT               ,26.0081,63.0383,874.6165382,1212.085314,1467.004496,1679.765639,1865.824946,2033.0448,2186.06667,2327.89934,2460.623709,2585.749202
ZHOB(PBO)            ,31.3497,69.4482,32.74737072,55.45142457,75.45966091,93.89640817,111.2463093,127.7765391,143.6548636,158.9956531,173.8814537,188.3744005
