Stations_Name,Latitude,Longitude,WED at 10m,WED at 20m,WED at 30m,WED at 40m,WED at 50m,WED at 60m,WED at 70m,WED at 80m,WED at 90m,WED at 100m
ASTOR                ,35.357,74.8624,394.2331654,654.1871756,879.7593003,1085.552658,1277.787442,1459.865131,1633.908369,1801.356887,1963.245344,2120.349659
BADIN                ,24.6459,68.8467,2142.109241,3205.9174,4058.686712,4798.030919,5463.061641,6074.300086,6644.151688,7180.815297,7690.054972,8176.111672
BAHAWALNAGAR         ,29.9994,73.255,252.2811324,430.1887228,587.8117539,733.5559954,871.0596844,1002.334123,1128.644975,1250.856589,1369.593734,1485.327299
BAHAWALPUR           ,29.3544,71.6911,41.57505566,79.1354124,115.3161503,150.6291067,185.3105079,219.4967863,253.2767388,286.7127005,319.8507928,352.7264902
BALAKOT              ,34.5482,73.3532,14.28056927,29.01292149,43.9207548,58.94370156,74.0528305,89.23099539,104.4668121,119.7521578,135.0809387,150.4484111
BARKHAN              ,29.8995,69.5246,386.4992725,642.1291665,864.1542156,1066.832193,1256.240515,1435.704193,1607.298918,1772.433004,1932.118794,2087.115636
BUNJI                ,35.6431,74.6342,63.80224686,118.3118866,169.7895199,219.3919994,267.6451984,314.8497022,361.1995873,406.8302078,451.8411575,496.3086712
CHERAT               ,33.8215,71.8883,1000.947727,1569.19656,2041.270718,2460.046392,2843.183515,3200.122147,3536.651143,3856.641293,4162.840909,4457.289499
CHHOR                ,25.5114,69.7823,1174.94345,1824.051882,2359.2657,2831.766301,3262.512509,3662.66397,4039.043458,4396.20192,4737.363866,5064.917875
CHILAS               ,35.4222,74.0946,119.4254053,213.1483888,299.1231588,380.423542,458.4160039,533.8698179,607.2758908,678.9733297,749.2096335,818.1729209
CHITRAL              ,35.7699,71.7741,3012.126251,4415.240971,5522.11833,6471.957417,7319.844722,8094.442617,8812.967281,9486.737663,10123.6762,10729.58954
DALBANDIN            ,28.8854,64.3964,377.3557717,627.8543967,845.6658538,1044.640557,1230.687364,1407.040952,1575.721529,1738.100264,1895.163106,2047.649805
DERA ISMAIL KHAN     ,31.8626,70.9019,51.92403215,97.5030195,140.9590136,183.0913051,224.2658944,264.6930309,304.5089883,343.8091063,382.6637239,421.1268071
DIR                  ,35.1977,71.8749,47.54523233,89.76157411,130.1758584,169.4626315,207.9317382,245.7615493,283.0678667,319.9318167,356.4133201,392.5583957
DROSH                ,35.5684,71.8038,675.9001823,1085.301123,1431.720153,1742.681181,2029.682693,2298.93042,2554.258,2798.244316,3032.729757,3259.086126
FAISALABAD(LYALLPUR) ,31.4504,73.135,30.27623805,58.75449647,86.59139608,114.0198082,141.1484208,168.04049,194.7374301,221.2684551,247.6552689,273.9146249
GARHI DUPATTA        ,34.2264,73.6157,24.79870579,48.71413508,72.30714242,95.69317757,118.9265053,142.0388601,165.0510966,187.9779702,210.8304719,233.6171045
GILGIT               ,35.9202,74.308,29.48732765,57.3157572,84.55062115,111.4070445,137.9855261,164.3445934,190.5225838,216.5465514,242.4366027,268.2082623
GUPIS                ,36.2274,73.4421,99.46441042,179.5138539,253.5712759,323.9874808,391.814346,457.6466777,521.8653473,584.7341884,646.446218,707.1484463
HYDERABAD            ,25.396,68.3578,2518.08612,3731.6211,4697.047006,5529.991976,6276.513962,6960.683186,7597.006341,8195.047254,8761.515502,9301.338724
ISLAMABAD            ,33.6844,73.0479,508.901675,831.4178862,1107.962028,1358.328603,1590.872016,1810.132472,2018.929691,2219.168755,2412.214215,2599.086451
JACOBABAD            ,28.2437,68.3816,215.0308531,370.2603776,508.8176523,637.5491946,759.4353559,876.1301614,988.6775666,1097.792257,1203.99189,1307.66733
JHELUM               ,32.9425,73.7257,21.89823684,43.34411856,64.62251518,85.79287127,106.8832503,127.9101135,148.8843035,169.8135065,190.703457,211.5585975
JIWANI               ,25.0538,61.7707,3276.973355,4778.831059,5958.913243,6968.99969,7868.971398,8689.921033,9450.494944,10162.93652,10835.80584,11475.37097
KAKUL                ,34.1875,73.2618,26.40779269,51.67645064,76.53228494,101.1237699,125.520538,149.7632495,173.8785928,197.8854334,221.797812,245.6265832
KALAT                ,29.0523,66.5879,250.4879316,427.3168543,584.0362525,728.9760141,865.7424542,996.329574,1121.992317,1243.587806,1361.735641,1476.902858
KARACHI (AIRPORT)    ,24.9008,67.1681,2031.732459,3050.553483,3869.292997,4580.266713,5220.53462,5809.566696,6359.144603,6877.061255,7368.799091,7838.394271
KARACHI (MASROOR)    ,24.8936,66.9388,11115.23644,15045.68262,17960.99872,20365.96941,22451.03875,24312.16715,26005.59304,27567.55679,29022.99711,30389.92515
KHANPUR (PBO)        ,28.6459,70.656,58.62245784,109.2696133,157.2874112,203.6736234,248.8831744,293.1766296,336.7224925,379.6384337,422.0111308,463.9069946
KHUZDAR              ,27.8165,66.6057,980.041356,1538.40085,2002.718254,2414.874801,2792.133786,3143.728012,3475.321483,3790.702732,4092.562402,4382.897683
KOHAT                ,33.5889,71.4429,296.7714823,501.064748,680.7007895,845.9905912,1001.371112,1149.285528,1291.266596,1428.358477,1561.314319,1690.700738
KOTLI                ,33.5008,73.9007,52.01993403,97.67211005,141.1941692,183.3881811,224.6213942,265.1047659,304.9750237,344.3278223,383.2337313,421.7468927
LAHORE(AIRPORT)      ,31.5203,74.4104,575.6805145,933.4708689,1238.498978,1513.630983,1768.474938,2008.236666,2236.141801,2454.365561,2664.463501,2867.59721
LAHORE(PBO)          ,31.5216,74.4036,42.13302554,80.13228309,116.7132591,152.4026037,187.4432648,221.975512,256.0906166,289.8526376,323.3089642,356.4960401
LARKANA              ,27.557,68.2028,150.4321231,264.7349898,368.4703403,465.888624,558.8638784,648.4452242,735.2992666,819.8848596,902.5359004,983.5055181
LASBELLA             ,25.87,66.7129,344.7055516,576.7048011,779.2840361,964.8478998,1138.705682,1303.770255,1461.863932,1614.225282,1761.745948,1905.095612
MIANWALI             ,32.5839,71.537,292.1076403,493.6671322,671.0302154,834.3062752,987.8479915,1134.053055,1274.426139,1409.992514,1541.491861,1669.480758
MOEN-JO-DARO         ,27.3287,68.1372,277.0295969,469.700928,639.6619829,796.3732549,943.9157851,1084.540534,1219.661496,1350.242938,1476.981005,1600.399832
MULTAN(PBO)          ,30.181459,71.492157,83.31611154,152.0030416,216.0725555,277.3164064,336.5413911,394.2056947,450.6036793,505.9398053,560.3639964,613.990669
MURREE               ,33.907,73.3943,61.72237783,114.6866862,164.7817353,213.0999557,260.1385208,306.1818392,351.4136568,395.9621875,439.9218119,483.3648012
MUZAFFARABAD         ,34.3551,73.4769,12.25246064,25.12620567,38.2453656,51.52648353,64.9293469,78.43003541,92.01262202,105.6657157,119.380754,133.1510602
NAWABSHAH            ,26.2447,68.3935,785.7011978,1250.078936,1640.259975,1988.920663,2309.638046,2609.712765,2893.642126,3164.444491,3424.269676,3674.717412
NOKKUNDI             ,28.8259,62.75,4061.553314,5845.946492,7233.926158,8414.290725,9460.945111,10412.06208,11290.44162,12111.00521,12884.15628,13617.49424
ORMARA               ,25.2666,64.6096,4044.290398,5822.611899,7206.146423,8382.882036,9426.417884,10374.77277,11250.65657,12068.93271,12839.96478,13571.32341
PADIDAN              ,26.7724,68.2922,99.89746219,180.247657,254.568341,325.2256577,393.278184,459.3244513,523.7476855,586.8133334,648.7155813,709.6023227
PANJGUR              ,26.9706,64.0887,945.8452717,1487.942132,1939.486407,2340.73358,2708.298137,3051.073601,3374.519476,3682.289501,3976.979781,4260.518106
PARACHINAR           ,33.9011,70.086,163.4097671,286.125588,397.0686574,500.9973,600.003287,695.2552781,787.4946841,877.2312058,964.8353429,1050.587712
PASNI                ,25.251,63.4154,5675.740278,8004.247015,9787.103835,11288.03771,12609.02954,13802.32231,14898.92389,15919.02337,16876.63578,17781.96008
PESHAWAR             ,34.0151,71.5249,179.8773287,313.1205998,433.0446834,545.0631866,651.5477939,753.8204616,852.7183486,948.8161353,1042.531036,1134.178706
QUETTA               ,30.1798,66.975,6473.648325,9056.544472,11021.93657,12669.98046,14116.18632,15419.53682,16614.95342,17725.12743,18765.78394,19748.34942
RAFIQUE(PAF)         ,30.7553,72.2803,460.7175036,757.2777779,1012.749675,1244.731595,1460.677689,1664.648765,1859.171514,2045.955642,2226.227343,2400.904559
RISALPUR             ,34.0751,71.9876,459.1573483,754.8695353,1009.651192,1241.029938,1456.430848,1659.899225,1853.952273,2040.293367,2220.144214,2394.419432
ROHRI                ,27.6687,68.8943,137.6487386,243.554158,340.0657492,430.9420374,517.8454293,601.708581,683.1250822,762.5040818,840.1436506,916.2699837
SAIDU SHARIF         ,34.7492,72.3563,8.412077917,17.65098333,27.2300364,37.03689097,47.01669618,57.13652719,67.37430747,77.71415716,88.14408157,98.6546878
SARGODHA             ,32.074,72.6861,276.2789656,468.5057713,638.0961312,794.4783538,941.7199919,1082.064715,1216.922008,1347.253104,1473.751981,1596.941158
SHARA-E-FAISAL       ,24.861027,67.069544,6107.11212,8574.194735,10456.63443,12037.9017,13427.31865,14680.78826,15831.44494,16900.83813,17903.91293,18851.53615
SIALKOT              ,32.4945,74.5229,12.86025756,26.29485121,39.95511494,53.76402428,67.6845291,81.69461592,95.77964057,109.9291372,124.1352439,138.3918333
SIBBI                ,29.5532,67.8808,136.0489498,240.8952242,336.4935068,426.5413966,512.6750346,595.8126019,676.5386034,755.2559979,832.2583914,907.7686198
SKARDU(PBO)          ,35.3275,75.5489,81.87727592,149.536823,212.69899,273.1070519,331.5464629,388.4634762,444.1448813,498.789932,552.544767,605.520936
TURBAT               ,26.0081,63.0383,7556.68689,10472.41711,12674.91884,14513.17512,16120.72754,17565.50707,18887.61603,20113.05029,21259.78885,22340.87311
ZHOB(PBO)            ,31.3497,69.4482,282.937283,479.1003083,651.9714703,811.2649666,961.168112,1103.989298,1241.178022,1373.722443,1502.33576,1627.55482
