PMD,ERA5,JRA55,NCAR,ENSEMBLE
4.244044556,2.30831725,3.62603906,5.225911216,3.594074506
4.506366816,2.418164165,3.817955184,5.526200265,3.73998003
4.51976118,2.473779599,3.7792251,5.613812423,3.778420461
4.494520288,2.435388096,3.926871312,5.64701898,3.821990513
4.597106023,2.468333493,4.30888508,5.690177124,3.973243183
4.388927981,2.347606191,3.924146389,5.353851184,3.701391256
4.418384898,2.359889912,3.708328847,5.28947493,3.614766012
4.490662996,2.351629897,3.724249339,5.167234411,3.581905006
4.201380969,2.364846425,3.627388459,5.353583293,3.609245682
4.31389449,2.384830258,3.496311232,5.445445982,3.601905
4.405221027,2.385772848,3.48933614,5.35873727,3.571838612
4.266360541,2.369628824,3.582948944,5.380783265,3.604533246
4.290127706,2.295698178,3.514370417,5.42806099,3.573004008
4.027970114,2.260402019,3.456936115,5.158768447,3.458754372
4.162289938,2.414032861,3.561399578,5.483737535,3.646237352
4.289889299,2.420336716,3.727038884,5.44428378,3.686700546
4.395715905,2.443378415,3.78406563,5.483554283,3.723219055
4.332577136,2.467314876,3.737912364,5.459045507,3.709037111
4.150975375,2.423384367,3.632732673,5.478769703,3.666978101
4.544433793,2.451527174,3.695747382,5.472549287,3.694177743
4.590692571,2.490519727,3.847075437,5.569555307,3.783057532
4.404046953,2.453132672,4.016094391,5.548250721,3.822822886
4.097655857,2.280606341,3.852872394,5.549020541,3.710406358
4.545539848,2.519493376,4.250685787,5.643650703,3.944675514
4.259216301,2.456255483,4.017339638,5.559421116,3.819961174
4.656906296,2.553060647,4.379957412,5.361073838,3.910644135
4.720703716,2.623737943,4.416724096,5.550592544,4.012371157
5.205743015,2.60845155,3.923086784,5.408386361,3.797496472
4.620967237,2.317803834,3.750104592,5.34170167,3.632153306
5.032616741,2.369497354,3.933507754,5.411376305,3.736062735
5.008238889,2.460502784,4.166623274,5.59929369,3.903395969
